Order_ID,Order_Priority,Order_Quantity,Sales,Ship_Mode,Profit,Region,Customer_Segment,Product_Category,Product_Sub-Category,Product_Container
643,High,21,2781.82,Express Air,-695.26,Nunavut,Corporate,Office Supplies,Storage & Organization,Large Box
8995,High,35,3389.93,Express Air,737.94,Northwest Territories,Consumer,Furniture,Office Furnishings,Large Box
9127,Not Specified,7,2039.56,Express Air,-329.49,Northwest Territories,Corporate,Office Supplies,Storage & Organization,Large Box
26272,Low,6,905.94,Express Air,-4.19,Northwest Territories,Home Office,Furniture,Chairs & Chairmats,Large Box
36646,Medium,24,1168.15,Express Air,-743.96,Northwest Territories,Small Business,Office Supplies,Storage & Organization,Large Box
41696,Not Specified,45,237.28,Express Air,-2088.68,Northwest Territories,Small Business,Office Supplies,Appliances,Large Box
43267,Critical,17,1368.14,Express Air,171.26,Northwest Territories,Home Office,Office Supplies,Appliances,Large Box
29319,Low,21,4429.69,Express Air,983.55,Atlantic,Small Business,Technology,Copiers and Fax,Large Box
5988,Not Specified,40,19109.61,Express Air,-379.29,West,Home Office,Technology,Copiers and Fax,Large Box
51073,Not Specified,17,2475.08,Express Air,958.8,West,Corporate,Furniture,Office Furnishings,Large Box
29185,High,48,446.53,Express Air,-261.45,West,Corporate,Furniture,Office Furnishings,Large Box
32582,Not Specified,27,2780.88,Express Air,595.38,West,Consumer,Furniture,Office Furnishings,Large Box
39332,Critical,4,198.72,Express Air,-34.43,West,Consumer,Furniture,Office Furnishings,Large Box
49088,Critical,15,4012.58,Express Air,-425.14,Atlantic,Consumer,Office Supplies,Storage & Organization,Large Box
29318,Not Specified,21,2954.14,Express Air,-522.94,Ontario,Corporate,Office Supplies,Storage & Organization,Large Box
50533,Not Specified,32,1974.66,Express Air,-929.68,Ontario,Small Business,Office Supplies,Storage & Organization,Large Box
21383,Low,31,16066.85,Regular Air,7416.43,Northwest Territories,Consumer,Technology,Office Machines,Large Box
48197,Not Specified,32,1282.49,Regular Air,154.74,West,Consumer,Furniture,Office Furnishings,Large Box
25031,High,24,4636.62,Regular Air,-318.45,West,Consumer,Furniture,Tables,Large Box
38758,Not Specified,7,497.2,Regular Air,-219.61,West,Consumer,Office Supplies,Appliances,Large Box
41895,Critical,8,27663.92,Regular Air,-391.92,West,Consumer,Technology,Copiers and Fax,Large Box
53894,Critical,37,2756.17,Regular Air,-1561.72,Atlantic,Consumer,Furniture,Tables,Large Box
11969,Not Specified,16,1684.96,Regular Air,-553.06,Atlantic,Consumer,Office Supplies,Storage & Organization,Large Box
22368,Medium,34,2788.04,Regular Air,-849.18,Atlantic,Consumer,Office Supplies,Storage & Organization,Large Box
4612,Medium,9,89.55,Regular Air,-375.64,Nunavut,Corporate,Office Supplies,Appliances,Large Box
7110,Low,22,6396.2,Regular Air,1902.24,Nunavut,Corporate,Furniture,Chairs & Chairmats,Large Box
9927,High,44,10087.6,Regular Air,3387.35,Northwest Territories,Corporate,Furniture,Chairs & Chairmats,Large Box
11456,Low,15,1519.9,Regular Air,399.37,Northwest Territories,Corporate,Furniture,Office Furnishings,Large Box
24743,Low,26,3758.77,Regular Air,753.61,Northwest Territories,Corporate,Furniture,Chairs & Chairmats,Large Box
30658,Medium,35,17387.65,Regular Air,6907.61,Northwest Territories,Corporate,Technology,Copiers and Fax,Large Box
30658,Medium,44,6040.22,Regular Air,-942.5,Northwest Territories,Corporate,Office Supplies,Storage & Organization,Large Box
31393,Critical,4,97.57,Regular Air,-27.31,Northwest Territories,Corporate,Furniture,Office Furnishings,Large Box
34631,Not Specified,19,12616.2,Regular Air,2808.22,Northwest Territories,Corporate,Technology,Copiers and Fax,Large Box
39683,High,41,8387.1,Regular Air,2113.95,Northwest Territories,Corporate,Furniture,Chairs & Chairmats,Large Box
42209,High,31,8901.78,Regular Air,2795.36,Northwest Territories,Corporate,Furniture,Chairs & Chairmats,Large Box
52964,Critical,44,5735.79,Regular Air,828.27,Northwest Territories,Corporate,Furniture,Office Furnishings,Large Box
4007,High,1,305.82,Regular Air,-232.24,Atlantic,Corporate,Office Supplies,Storage & Organization,Large Box
11362,Low,9,6420.87,Regular Air,-690.21,Atlantic,Corporate,Technology,Copiers and Fax,Large Box
18788,Not Specified,27,566.12,Regular Air,-19.33,Atlantic,Corporate,Furniture,Office Furnishings,Large Box
20033,Critical,5,2543.95,Regular Air,-1011.32,Atlantic,Corporate,Technology,Copiers and Fax,Large Box
22469,High,24,1482.81,Regular Air,-678.63,Atlantic,Corporate,Office Supplies,Appliances,Large Box
22469,High,23,6693.28,Regular Air,40.32,Atlantic,Corporate,Furniture,Tables,Large Box
30243,Critical,21,4242.76,Regular Air,340.88,Atlantic,Corporate,Technology,Copiers and Fax,Large Box
32199,High,1,3672.89,Regular Air,-3061.82,Atlantic,Corporate,Technology,Copiers and Fax,Large Box
33763,Not Specified,23,10791.38,Regular Air,-234.79,Atlantic,Corporate,Technology,Copiers and Fax,Large Box
36677,Low,38,23255.61,Regular Air,-734.33,Atlantic,Corporate,Technology,Copiers and Fax,Large Box
38310,High,4,62.45,Regular Air,-141.76,Atlantic,Corporate,Office Supplies,Appliances,Large Box
47846,High,5,66.43,Regular Air,-9.45,Atlantic,Corporate,Furniture,Office Furnishings,Large Box
50404,High,10,1961.68,Regular Air,-367,Prarie,Corporate,Furniture,Tables,Large Box
51461,Not Specified,43,858.53,Regular Air,-97.54,Prarie,Corporate,Furniture,Office Furnishings,Large Box
54501,Critical,38,783.96,Regular Air,-1195.29,Prarie,Corporate,Office Supplies,Storage & Organization,Large Box
55138,High,22,1132.54,Regular Air,-628.38,Prarie,Corporate,Office Supplies,Storage & Organization,Large Box
44320,Medium,49,7002.08,Regular Air,-1640.51,West,Corporate,Furniture,Tables,Large Box
1925,Critical,7,1874.37,Regular Air,67.84,West,Corporate,Furniture,Chairs & Chairmats,Large Box
24070,High,3,431.29,Regular Air,-164.59,West,Corporate,Furniture,Chairs & Chairmats,Large Box
52035,High,29,20872.16,Regular Air,-4437.91,West,Corporate,Technology,Copiers and Fax,Large Box
4261,Critical,32,9235.97,Regular Air,2848.17,West,Corporate,Office Supplies,Appliances,Large Box
8992,High,3,441.43,Regular Air,-154.45,West,Corporate,Furniture,Chairs & Chairmats,Large Box
20961,Not Specified,34,6607.92,Regular Air,1462.72,West,Corporate,Technology,Copiers and Fax,Large Box
47750,Low,1,195.04,Regular Air,-149.41,Atlantic,Corporate,Office Supplies,Storage & Organization,Large Box
48230,Not Specified,31,2645.8,Regular Air,-684.78,Prarie,Corporate,Office Supplies,Storage & Organization,Large Box
36449,Not Specified,6,90.75,Regular Air,-26.39,Ontario,Corporate,Furniture,Office Furnishings,Large Box
53152,Medium,9,196.41,Regular Air,27.91,Ontario,Corporate,Furniture,Office Furnishings,Large Box
15907,High,36,3722.29,Express Air,950.68,Northwest Territories,Home Office,Furniture,Office Furnishings,Medium Box
49952,High,12,1323.67,Express Air,630.28,Northwest Territories,Corporate,Furniture,Office Furnishings,Medium Box
5153,Critical,37,4896.93,Express Air,1467.82,Atlantic,Home Office,Furniture,Chairs & Chairmats,Medium Box
25315,Low,36,7783.36,Express Air,3506.24,Atlantic,Consumer,Office Supplies,Appliances,Medium Box
31941,Medium,32,2564.45,Express Air,650.73,West,Small Business,Office Supplies,Appliances,Medium Box
2848,Critical,35,1476.39,Express Air,-303.62,West,Home Office,Furniture,Office Furnishings,Medium Box
8801,Low,32,2593.08,Express Air,-673.31,West,Consumer,Furniture,Office Furnishings,Medium Box
18432,High,15,217.66,Express Air,-24.91,Atlantic,Corporate,Office Supplies,Appliances,Medium Box
49441,Medium,49,1981.26,Express Air,100.8,Prarie,Home Office,Furniture,Office Furnishings,Medium Box
16165,Not Specified,24,1452.48,Express Air,376.52,Prarie,Small Business,Furniture,Office Furnishings,Medium Box
515,Not Specified,19,394.27,Regular Air,30.94,Nunavut,Consumer,Office Supplies,Appliances,Medium Box
7906,Medium,37,1003.06,Regular Air,271.78,Nunavut,Consumer,Office Supplies,Appliances,Medium Box
50754,Not Specified,9,64.0305,Regular Air,-58.34,Northwest Territories,Consumer,Technology,Telephones and Communication,Medium Box
21223,Not Specified,8,435.29,Regular Air,122.41,Atlantic,Consumer,Furniture,Office Furnishings,Medium Box
53508,High,25,342.85,Regular Air,-32.42,Prarie,Consumer,Technology,Office Machines,Medium Box
15621,Critical,39,1105.66,Regular Air,-136.2,West,Consumer,Office Supplies,Storage & Organization,Medium Box
22980,Not Specified,17,224.09,Regular Air,-27.92,West,Consumer,Office Supplies,Storage & Organization,Medium Box
59584,Medium,7,1120.27,Regular Air,16.81,West,Consumer,Technology,Office Machines,Medium Box
47108,Not Specified,7,131.55,Regular Air,-43.74,Atlantic,Consumer,Technology,Office Machines,Medium Box
51494,Critical,42,493.56,Regular Air,12.73,Atlantic,Consumer,Technology,Office Machines,Medium Box
6116,Medium,6,9620.82,Regular Air,-1759.58,Nunavut,Corporate,Office Supplies,Office Machines,Medium Box
12289,Low,25,3019.41,Regular Air,1269.05,Northwest Territories,Corporate,Technology,Office Machines,Medium Box
12419,Critical,12,22079.47,Regular Air,5322.14,Northwest Territories,Corporate,Technology,Office Machines,Medium Box
18144,Critical,8,234.28,Regular Air,-65.42,Northwest Territories,Corporate,Office Supplies,Storage & Organization,Medium Box
19686,Medium,2,42.31,Regular Air,-53.08,Northwest Territories,Corporate,Technology,Office Machines,Medium Box
22469,High,44,275.91,Regular Air,-162.37,Northwest Territories,Corporate,Technology,Telephones and Communication,Medium Box
27392,Low,37,5753.85,Regular Air,2509.52,Northwest Territories,Corporate,Technology,Office Machines,Medium Box
27553,Medium,16,2631.107,Regular Air,297.11,Northwest Territories,Corporate,Technology,Telephones and Communication,Medium Box
28135,Critical,37,1601.24,Regular Air,520.69,Northwest Territories,Corporate,Office Supplies,Appliances,Medium Box
32229,High,8,1219.19,Regular Air,44.37,Northwest Territories,Corporate,Technology,Office Machines,Medium Box
37860,Medium,1,104.85,Regular Air,-98.31,Northwest Territories,Corporate,Furniture,Office Furnishings,Medium Box
39364,High,29,2754.93,Regular Air,-1.33,Northwest Territories,Corporate,Furniture,Office Furnishings,Medium Box
43236,Not Specified,20,205.33,Regular Air,10.68,Northwest Territories,Corporate,Furniture,Office Furnishings,Medium Box
54274,Not Specified,20,1583.06,Regular Air,328,Northwest Territories,Corporate,Office Supplies,Appliances,Medium Box
57344,High,47,1060.0605,Regular Air,-71.03,Northwest Territories,Corporate,Technology,Telephones and Communication,Medium Box
11362,Low,32,3245.73,Regular Air,569.57,Atlantic,Corporate,Furniture,Office Furnishings,Medium Box
13604,Not Specified,42,3609.88,Regular Air,-1396.22,Atlantic,Corporate,Furniture,Office Furnishings,Medium Box
19617,Low,38,952.47,Regular Air,270.69,Atlantic,Corporate,Technology,Office Machines,Medium Box
32869,Medium,49,2470.84,Regular Air,25.04,Atlantic,Corporate,Furniture,Office Furnishings,Medium Box
35300,Medium,35,1445.6,Regular Air,126.03,Atlantic,Corporate,Furniture,Office Furnishings,Medium Box
42918,High,46,410.43,Regular Air,-54.58,Atlantic,Corporate,Technology,Office Machines,Medium Box
47846,High,25,2674.18,Regular Air,631.99,Atlantic,Corporate,Furniture,Office Furnishings,Medium Box
47846,High,50,5513.82,Regular Air,1581.93,Atlantic,Corporate,Furniture,Office Furnishings,Medium Box
54501,Critical,16,225.46,Regular Air,-33.03,Prarie,Corporate,Technology,Office Machines,Medium Box
11782,Low,27,1541.781,Regular Air,14.35,West,Corporate,Technology,Telephones and Communication,Medium Box
24576,Not Specified,29,531.063,Regular Air,24.56,West,Corporate,Technology,Telephones and Communication,Medium Box
37281,Medium,25,453.2455,Regular Air,3.31,West,Corporate,Technology,Telephones and Communication,Medium Box
49761,Not Specified,45,1090.6,Regular Air,300.91,West,Corporate,Technology,Office Machines,Medium Box
19044,Low,32,4800.44,Regular Air,1912.92,West,Corporate,Technology,Office Machines,Medium Box
38690,Low,28,697.5,Regular Air,169.89,West,Corporate,Technology,Office Machines,Medium Box
50338,Not Specified,36,551.44,Regular Air,28.7,Atlantic,Corporate,Technology,Office Machines,Medium Box
14406,Medium,37,5610.84,Regular Air,2366.51,Atlantic,Corporate,Technology,Office Machines,Medium Box
27396,Critical,14,138.31,Regular Air,-31.16,West,Corporate,Furniture,Office Furnishings,Medium Box
41059,Medium,45,12571.63,Regular Air,5455.96,Ontario,Corporate,Technology,Office Machines,Medium Box
47174,Critical,42,642.1,Regular Air,41.56,Ontario,Corporate,Technology,Office Machines,Medium Box
57153,Critical,9,106.05,Regular Air,-14.52,Ontario,Corporate,Office Supplies,Appliances,Medium Box
59878,High,6,112.4,Regular Air,-46.75,Ontario,Corporate,Technology,Office Machines,Medium Box
1218,Not Specified,3,46.46,Regular Air,-25.13,Ontario,Corporate,Office Supplies,Appliances,Medium Box
13410,Not Specified,29,701.94,Regular Air,158.91,Ontario,Corporate,Technology,Office Machines,Medium Box
15808,Critical,3,58.14,Regular Air,-96.25,Ontario,Corporate,Technology,Telephones and Communication,Medium Box
56101,Not Specified,1,21.45,Regular Air,-7.22,Ontario,Corporate,Office Supplies,Appliances,Medium Box
1412,Not Specified,13,59.03,Express Air,26.92,Nunavut,Consumer,Office Supplies,Labels,Small Box
4676,High,3,49.59,Express Air,-8.38,Nunavut,Home Office,Office Supplies,Paper,Small Box
6182,Low,18,130.32,Express Air,-67.28,Nunavut,Corporate,Office Supplies,Paper,Small Box
6916,Low,40,436.17,Express Air,-141.27,Nunavut,Consumer,Office Supplies,Storage & Organization,Small Box
8419,Critical,19,368.04,Express Air,70.39,Nunavut,Small Business,Office Supplies,Paper,Small Box
8995,High,5,24.16,Express Air,8.05,Nunavut,Consumer,Office Supplies,Binders and Binder Accessories,Small Box
8995,High,41,270.84,Express Air,-78.02,Northwest Territories,Consumer,Office Supplies,Paper,Small Box
9509,Not Specified,5,101.21,Express Air,2.13,Northwest Territories,Home Office,Office Supplies,Paper,Small Box
9927,High,34,1608.08,Express Air,-82.16,Northwest Territories,Corporate,Technology,Computer Peripherals,Small Box
13795,Not Specified,23,275.16,Express Air,43.35,Northwest Territories,Small Business,Office Supplies,Paper,Small Box
16706,High,49,6175.777,Express Air,1881.58,Northwest Territories,Corporate,Technology,Telephones and Communication,Small Box
19138,Low,30,387,Express Air,-31.45,Northwest Territories,Home Office,Office Supplies,Storage & Organization,Small Box
22501,High,2,30.83,Express Air,7.27,Northwest Territories,Corporate,Office Supplies,Envelopes,Small Box
25318,Critical,22,440.92,Express Air,-65.18,Northwest Territories,Small Business,Furniture,Office Furnishings,Small Box
25634,Not Specified,26,626.07,Express Air,185.32,Northwest Territories,Corporate,Office Supplies,Envelopes,Small Box
26370,Not Specified,20,660.27,Express Air,63.83,Northwest Territories,Home Office,Office Supplies,Storage & Organization,Small Box
31492,Critical,34,971.95,Express Air,-21.1,Northwest Territories,Small Business,Office Supplies,Storage & Organization,Small Box
31684,Critical,28,456.91,Express Air,-328.18,Northwest Territories,Corporate,Office Supplies,Storage & Organization,Small Box
32193,Low,4,40.72,Express Air,-10.25,Northwest Territories,Small Business,Office Supplies,Paper,Small Box
33703,Not Specified,4,63.52,Express Air,-8.47,Northwest Territories,Corporate,Office Supplies,Storage & Organization,Small Box
33894,Critical,13,438.93,Express Air,-119.02,Northwest Territories,Corporate,Technology,Computer Peripherals,Small Box
37541,Medium,10,550.61,Express Air,98.32,Northwest Territories,Small Business,Office Supplies,Paper,Small Box
42561,Low,15,1062.959,Express Air,298.48,Northwest Territories,Consumer,Technology,Telephones and Communication,Small Box
43781,Not Specified,21,917.39,Express Air,393.41,Northwest Territories,Small Business,Office Supplies,Binders and Binder Accessories,Small Box
44839,Critical,27,899.97,Express Air,-246.3,Northwest Territories,Consumer,Furniture,Office Furnishings,Small Box
52193,Not Specified,1,17.89,Express Air,10.51,Northwest Territories,Corporate,Office Supplies,Labels,Small Box
52929,High,43,701.46,Express Air,-90.14,Northwest Territories,Small Business,Technology,Office Machines,Small Box
55715,Critical,28,168.57,Express Air,16.65,Northwest Territories,Corporate,Office Supplies,Binders and Binder Accessories,Small Box
57509,Low,39,199.39,Express Air,101.13,Northwest Territories,Home Office,Office Supplies,Labels,Small Box
58368,High,5,325.43,Express Air,-76.11,Atlantic,Corporate,Office Supplies,Storage & Organization,Small Box
59395,Critical,20,963.3,Express Air,367.12,Atlantic,Small Business,Office Supplies,Paper,Small Box
11269,Low,39,2083.0525,Express Air,354.96,Atlantic,Home Office,Technology,Telephones and Communication,Small Box
13927,Low,26,188.05,Express Air,-21.41,Atlantic,Corporate,Office Supplies,Paper,Small Box
15463,Low,48,293.3,Express Air,-193.48,Atlantic,Corporate,Office Supplies,Paper,Small Box
22656,Not Specified,10,309.3,Express Air,-77.89,Atlantic,Corporate,Technology,Computer Peripherals,Small Box
24038,High,15,896.1805,Express Air,82.04,Atlantic,Corporate,Technology,Telephones and Communication,Small Box
24067,High,46,2640.6865,Express Air,751.38,Atlantic,Corporate,Technology,Telephones and Communication,Small Box
24965,Low,6,2528.49,Express Air,580.15,Atlantic,Corporate,Office Supplies,Binders and Binder Accessories,Small Box
29382,High,34,684.66,Express Air,35.09,Atlantic,Small Business,Furniture,Office Furnishings,Small Box
36293,Medium,25,165.36,Express Air,-94.79,Atlantic,Small Business,Office Supplies,Paper,Small Box
40480,Critical,19,7608.88,Express Air,3049.45,Atlantic,Home Office,Office Supplies,Binders and Binder Accessories,Small Box
48067,Low,31,3229.66,Express Air,695.06,Atlantic,Small Business,Technology,Telephones and Communication,Small Box
48067,Low,24,4010.9375,Express Air,630.7,Atlantic,Small Business,Technology,Telephones and Communication,Small Box
49029,High,49,8223.07,Express Air,2549.4,Atlantic,Corporate,Technology,Telephones and Communication,Small Box
49216,High,29,374.67,Express Air,30.63,Prarie,Home Office,Office Supplies,Paper,Small Box
52482,Critical,21,848.2,Express Air,163.78,Prarie,Corporate,Office Supplies,Appliances,Small Box
5318,High,29,5010.7415,Express Air,1196.37,West,Consumer,Technology,Telephones and Communication,Small Box
9123,Critical,27,384.9,Express Air,-108.28,West,Consumer,Office Supplies,Storage & Organization,Small Box
11553,Medium,28,1350.34,Express Air,-517.17,West,Corporate,Office Supplies,Storage & Organization,Small Box
20448,Critical,23,104.82,Express Air,6.84,West,Corporate,Office Supplies,Envelopes,Small Box
28802,High,36,336.25,Express Air,25.95,West,Home Office,Office Supplies,Paper,Small Box
37315,Low,31,4726.595,Express Air,1176.48,West,Corporate,Technology,Telephones and Communication,Small Box
38565,Critical,20,234.09,Express Air,-11.69,West,Corporate,Furniture,Office Furnishings,Small Box
53863,High,46,7807.45,Express Air,1660.15,West,Home Office,Office Supplies,Storage & Organization,Small Box
57959,Medium,48,1269.79,Express Air,-65.33,West,Consumer,Technology,Computer Peripherals,Small Box
928,Low,21,1222.68,Express Air,300.97,West,Consumer,Office Supplies,Appliances,Small Box
928,Low,26,390.2,Express Air,45,West,Consumer,Furniture,Office Furnishings,Small Box
5504,High,6,49.55,Express Air,-20.33,West,Small Business,Office Supplies,Paper,Small Box
14852,Medium,9,3800.4,Express Air,1234.57,West,Consumer,Office Supplies,Binders and Binder Accessories,Small Box
26978,Medium,47,695.99,Express Air,-157.44,West,Home Office,Office Supplies,Storage & Organization,Small Box
32871,High,42,939.77,Express Air,9.72,West,Small Business,Technology,Computer Peripherals,Small Box
39301,Medium,16,2232.66,Express Air,-521.09,West,Corporate,Technology,Computer Peripherals,Small Box
50310,Medium,42,1811.3,Express Air,520.41,West,Corporate,Office Supplies,Appliances,Small Box
52737,Not Specified,14,125.54,Express Air,-15.74,West,Home Office,Office Supplies,Binders and Binder Accessories,Small Box
54560,Critical,45,2404.599,Express Air,496.89,West,Small Business,Technology,Telephones and Communication,Small Box
55777,Not Specified,1,65.7475,Express Air,-252.48,West,Corporate,Technology,Telephones and Communication,Small Box
56001,Low,17,118.36,Express Air,-60.65,West,Home Office,Office Supplies,Paper,Small Box
2720,Critical,36,2051.016,Express Air,483.97,West,Small Business,Technology,Telephones and Communication,Small Box
4642,Critical,21,309.62,Express Air,-80.2,West,Corporate,Office Supplies,Storage & Organization,Small Box
8801,Low,25,2529.396,Express Air,371.21,West,Consumer,Technology,Telephones and Communication,Small Box
11332,Low,23,1223.3795,Express Air,83.57,West,Corporate,Technology,Telephones and Communication,Small Box
17702,High,9,264.63,Express Air,-66.78,West,Home Office,Technology,Computer Peripherals,Small Box
17831,Critical,38,260.41,Express Air,-45.75,West,Corporate,Office Supplies,Paper,Small Box
20389,High,30,201.35,Express Air,-107.37,West,Corporate,Office Supplies,Paper,Small Box
22657,High,36,9544.18,Express Air,3392.88,West,Corporate,Technology,Computer Peripherals,Small Box
25635,Critical,14,633.08,Express Air,145.48,West,Corporate,Office Supplies,Appliances,Small Box
29185,High,5,217.85,Express Air,-25.31,West,Corporate,Office Supplies,Paper,Small Box
29985,Critical,22,196.75,Express Air,0.13,West,Corporate,Furniture,Office Furnishings,Small Box
31872,Low,34,2833.19,Express Air,1409.87,West,Home Office,Office Supplies,Envelopes,Small Box
32611,Medium,18,986.24,Express Air,68.9,West,Corporate,Technology,Computer Peripherals,Small Box
36803,Not Specified,2,19.02,Express Air,10.73,West,Corporate,Furniture,Office Furnishings,Small Box
36805,Medium,28,1546.3965,Express Air,226.72,West,Corporate,Technology,Telephones and Communication,Small Box
44451,Critical,4,103.9,Express Air,-19.26,Atlantic,Home Office,Furniture,Office Furnishings,Small Box
45059,Not Specified,39,3401.8,Express Air,-508.87,Atlantic,Consumer,Office Supplies,Storage & Organization,Small Box
45731,Critical,19,146.63,Express Air,-30.06,Atlantic,Consumer,Office Supplies,Paper,Small Box
47108,Not Specified,26,258.11,Express Air,9.95,Atlantic,Consumer,Office Supplies,Paper,Small Box
47108,Not Specified,9,1288.515,Express Air,-382.57,Atlantic,Consumer,Technology,Telephones and Communication,Small Box
50208,Medium,4,38.76,Express Air,-12.13,Atlantic,Corporate,Office Supplies,Binders and Binder Accessories,Small Box
51525,Critical,18,360.24,Express Air,-36.24,Atlantic,Home Office,Technology,Computer Peripherals,Small Box
52933,Low,44,210.46,Express Air,50.04,Atlantic,Consumer,Office Supplies,Binders and Binder Accessories,Small Box
53894,Critical,29,5159.3725,Express Air,1252.48,Atlantic,Consumer,Technology,Telephones and Communication,Small Box
56610,Medium,20,857.95,Express Air,51.85,Atlantic,Consumer,Technology,Computer Peripherals,Small Box
3393,High,7,127.74,Express Air,-5.57,Atlantic,Consumer,Technology,Computer Peripherals,Small Box
7015,Not Specified,42,7143.927,Express Air,2374.73,Atlantic,Home Office,Technology,Telephones and Communication,Small Box
9925,Critical,43,1751.68,Express Air,771.83,Atlantic,Corporate,Office Supplies,Binders and Binder Accessories,Small Box
20455,Critical,7,381.1995,Express Air,-233.56,Atlantic,Corporate,Technology,Telephones and Communication,Small Box
38625,Not Specified,28,2752,Express Air,336.47,West,Corporate,Technology,Computer Peripherals,Small Box
41217,High,23,1314.64,Express Air,575.38,West,Consumer,Office Supplies,Paper,Small Box
41927,Not Specified,46,2332.23,Express Air,1085.93,West,Home Office,Office Supplies,Paper,Small Box
48230,Not Specified,39,1140.26,Express Air,387.2,Prarie,Corporate,Furniture,Office Furnishings,Small Box
53600,Medium,8,55.59,Express Air,-17.95,Prarie,Small Business,Office Supplies,Binders and Binder Accessories,Small Box
54150,Critical,12,2011.6355,Express Air,-53.69,Prarie,Corporate,Technology,Telephones and Communication,Small Box
2147,Not Specified,15,605.1,Express Air,92.81,Prarie,Home Office,Office Supplies,Appliances,Small Box
14503,Not Specified,14,438.47,Express Air,157.89,Prarie,Corporate,Office Supplies,Binders and Binder Accessories,Small Box
16165,Not Specified,4,136.68,Express Air,-125.16,Prarie,Small Business,Technology,Computer Peripherals,Small Box
16165,Not Specified,19,3555.29,Express Air,183.28,Prarie,Small Business,Office Supplies,Storage & Organization,Small Box
24386,High,15,76.94,Express Air,29.67,Prarie,Corporate,Office Supplies,Labels,Small Box
26016,High,44,1642.642,Express Air,314.84,Prarie,Consumer,Technology,Telephones and Communication,Small Box
28130,Low,23,404.24,Express Air,-76.99,Ontario,Corporate,Office Supplies,Binders and Binder Accessories,Small Box
28130,Low,32,1381.88,Express Air,598.2,Ontario,Corporate,Furniture,Office Furnishings,Small Box
28290,Low,43,1307.35,Express Air,-154.24,Ontario,Home Office,Technology,Computer Peripherals,Small Box
28290,Low,3,523.58,Express Air,-179.36,Ontario,Home Office,Office Supplies,Storage & Organization,Small Box
31238,Medium,21,7512.03,Express Air,2017.64,Ontario,Corporate,Office Supplies,Appliances,Small Box
41059,Medium,26,363.16,Express Air,3.92,Ontario,Corporate,Office Supplies,Binders and Binder Accessories,Small Box
43424,Not Specified,34,772.56,Express Air,143.87,Ontario,Home Office,Office Supplies,Appliances,Small Box
46243,Low,31,614.35,Express Air,78.89,Ontario,Corporate,Office Supplies,Paper,Small Box
51361,Low,14,76.06,Express Air,-35.99,Ontario,Corporate,Office Supplies,Paper,Small Box
51780,Low,42,372.69,Express Air,-177.03,Ontario,Consumer,Office Supplies,Binders and Binder Accessories,Small Box
59909,Low,46,411.56,Express Air,-188.02,Ontario,Small Business,Office Supplies,Storage & Organization,Small Box
15808,Critical,42,906.64,Express Air,-148.93,Ontario,Corporate,Office Supplies,Binders and Binder Accessories,Small Box
21091,High,32,270.73,Express Air,-54.57,Ontario,Corporate,Office Supplies,Binders and Binder Accessories,Small Box
28420,Low,2,45.64,Express Air,-0.11,Ontario,Corporate,Office Supplies,Envelopes,Small Box
33255,Critical,19,108.21,Express Air,-50.02,Ontario,Home Office,Office Supplies,Paper,Small Box
35584,Medium,15,150.33,Express Air,-98.23,Ontario,Corporate,Office Supplies,Storage & Organization,Small Box
35908,Not Specified,45,529.28,Express Air,-30.27,Ontario,Small Business,Office Supplies,Storage & Organization,Small Box
293,High,27,244.57,Regular Air,46.71,Nunavut,Consumer,Office Supplies,Binders and Binder Accessories,Small Box
1792,Low,28,370.48,Regular Air,-5.45,Nunavut,Consumer,Office Supplies,Storage & Organization,Small Box
6980,Not Specified,18,136.29,Regular Air,-77.28,Nunavut,Consumer,Office Supplies,Binders and Binder Accessories,Small Box
8995,High,42,266.36,Regular Air,-191.28,Northwest Territories,Consumer,Office Supplies,Paper,Small Box
10945,Medium,14,1170.025,Regular Air,4.22,Northwest Territories,Consumer,Technology,Telephones and Communication,Small Box
11911,Critical,25,397.84,Regular Air,-14.75,Northwest Territories,Consumer,Office Supplies,Binders and Binder Accessories,Small Box
14726,Low,15,310.87,Regular Air,-21.48,Northwest Territories,Consumer,Technology,Computer Peripherals,Small Box
16932,Critical,25,144.84,Regular Air,-120.99,Northwest Territories,Consumer,Office Supplies,Paper,Small Box
21889,Low,21,1049.79,Regular Air,135.79,Northwest Territories,Consumer,Furniture,Office Furnishings,Small Box
21889,Low,16,817.18,Regular Air,103.38,Northwest Territories,Consumer,Office Supplies,Storage & Organization,Small Box
22532,Critical,13,121.66,Regular Air,-11.8,Northwest Territories,Consumer,Office Supplies,Binders and Binder Accessories,Small Box
27109,Critical,48,538.22,Regular Air,-154.66,Northwest Territories,Consumer,Technology,Computer Peripherals,Small Box
28675,Critical,15,822.8425,Regular Air,4.39,Northwest Territories,Consumer,Technology,Telephones and Communication,Small Box
29287,High,50,281.39,Regular Air,-106.4,Northwest Territories,Consumer,Office Supplies,Binders and Binder Accessories,Small Box
38884,High,47,256,Regular Air,-119.84,Northwest Territories,Consumer,Office Supplies,Paper,Small Box
40160,Critical,23,1404.22,Regular Air,202.87,Northwest Territories,Consumer,Furniture,Office Furnishings,Small Box
45217,Not Specified,40,6789.9275,Regular Air,1864.66,Northwest Territories,Consumer,Technology,Telephones and Communication,Small Box
55363,High,14,2232.06,Regular Air,542.16,Northwest Territories,Consumer,Office Supplies,Storage & Organization,Small Box
57127,Low,13,735.54,Regular Air,171.82,Northwest Territories,Consumer,Office Supplies,Paper,Small Box
58055,Critical,26,208.6,Regular Air,-56.45,Atlantic,Consumer,Furniture,Office Furnishings,Small Box
59202,Medium,7,83.81,Regular Air,21.92,Atlantic,Consumer,Office Supplies,Labels,Small Box
59585,High,45,712.04,Regular Air,-110.93,Atlantic,Consumer,Technology,Office Machines,Small Box
645,High,42,557.85,Regular Air,89.45,Atlantic,Consumer,Office Supplies,Binders and Binder Accessories,Small Box
13120,Low,46,590.43,Regular Air,82.59,Atlantic,Consumer,Office Supplies,Binders and Binder Accessories,Small Box
13120,Low,8,216.33,Regular Air,-17.37,Atlantic,Consumer,Office Supplies,Binders and Binder Accessories,Small Box
15618,Medium,9,50.93,Regular Air,-34.98,Atlantic,Consumer,Office Supplies,Paper,Small Box
15618,Medium,44,792.8,Regular Air,26.27,Atlantic,Consumer,Office Supplies,Paper,Small Box
15618,Medium,14,782.4505,Regular Air,-11.4,Atlantic,Consumer,Technology,Telephones and Communication,Small Box
16419,Not Specified,43,241.19,Regular Air,-103.65,Atlantic,Consumer,Office Supplies,Paper,Small Box
30499,High,16,92.06,Regular Air,5.66,Atlantic,Consumer,Office Supplies,Envelopes,Small Box
34978,High,49,165.51,Regular Air,-269.91,Atlantic,Consumer,Office Supplies,Binders and Binder Accessories,Small Box
35558,Critical,2,34.88,Regular Air,-22.12,Atlantic,Consumer,Furniture,Office Furnishings,Small Box
41570,Not Specified,24,2289.92,Regular Air,1037.55,Atlantic,Consumer,Office Supplies,Paper,Small Box
46119,Critical,23,93.05,Regular Air,15.27,Atlantic,Consumer,Office Supplies,Binders and Binder Accessories,Small Box
52130,Low,13,63.33,Regular Air,-39.96,Prarie,Consumer,Office Supplies,Binders and Binder Accessories,Small Box
52130,Low,36,1436.55,Regular Air,-4.01,Prarie,Consumer,Furniture,Office Furnishings,Small Box
53508,High,13,1072.22,Regular Air,149.64,Prarie,Consumer,Technology,Computer Peripherals,Small Box
450,Not Specified,35,543.72,Regular Air,-211.13,West,Consumer,Office Supplies,Storage & Organization,Small Box
1028,High,11,2021.147,Regular Air,-60.39,West,Consumer,Technology,Telephones and Communication,Small Box
2883,Low,34,2154.34,Regular Air,177.66,West,Consumer,Office Supplies,Storage & Organization,Small Box
5318,High,8,1042.25,Regular Air,195.16,West,Consumer,Office Supplies,Appliances,Small Box
6115,Medium,25,409.08,Regular Air,78.86,West,Consumer,Furniture,Office Furnishings,Small Box
9792,Low,14,84.09,Regular Air,-73.14,West,Consumer,Office Supplies,Binders and Binder Accessories,Small Box
14275,Low,20,42.22,Regular Air,-7.73,West,Consumer,Office Supplies,Binders and Binder Accessories,Small Box
14535,Not Specified,22,245.96,Regular Air,-33.82,West,Consumer,Office Supplies,Storage & Organization,Small Box
17926,Critical,37,608.33,Regular Air,-70.04,West,Consumer,Office Supplies,Storage & Organization,Small Box
49634,Not Specified,45,132.31,Regular Air,10.91,West,Consumer,Office Supplies,Binders and Binder Accessories,Small Box
53825,Low,36,1646.05,Regular Air,649.8,West,Consumer,Office Supplies,Paper,Small Box
21509,High,13,47.93,Regular Air,15.82,West,Consumer,Office Supplies,Labels,Small Box
52326,Low,41,152.28,Regular Air,-154.81,West,Consumer,Office Supplies,Binders and Binder Accessories,Small Box
54947,Not Specified,42,1498.46,Regular Air,565.37,West,Consumer,Furniture,Office Furnishings,Small Box
4257,Medium,45,253.89,Regular Air,-83.66,West,Consumer,Office Supplies,Envelopes,Small Box
5698,Medium,15,297.05,Regular Air,-16.89,West,Consumer,Office Supplies,Appliances,Small Box
5698,Medium,7,108.26,Regular Air,25.51,West,Consumer,Office Supplies,Envelopes,Small Box
11301,Medium,29,1194.96,Regular Air,107.45,West,Consumer,Technology,Computer Peripherals,Small Box
16161,Medium,49,2692.6895,Regular Air,768.32,West,Consumer,Technology,Telephones and Communication,Small Box
20038,Low,42,173.44,Regular Air,-172.4,West,Consumer,Furniture,Office Furnishings,Small Box
20422,High,5,15.38,Regular Air,1.61,West,Consumer,Office Supplies,Labels,Small Box
24450,Critical,37,443.35,Regular Air,-21.73,West,Consumer,Office Supplies,Appliances,Small Box
24450,Critical,4,30.85,Regular Air,-12.88,West,Consumer,Office Supplies,Paper,Small Box
25031,High,20,100.11,Regular Air,-41.7,West,Consumer,Office Supplies,Paper,Small Box
25830,Low,5,25.34,Regular Air,-21.29,West,Consumer,Office Supplies,Appliances,Small Box
25830,Low,11,178.57,Regular Air,-37.39,West,Consumer,Office Supplies,Binders and Binder Accessories,Small Box
30147,Not Specified,37,740.14,Regular Air,29.73,West,Consumer,Furniture,Office Furnishings,Small Box
30310,Medium,21,2024.0285,Regular Air,4.9,West,Consumer,Technology,Telephones and Communication,Small Box
35649,Medium,9,43.26,Regular Air,3.9,West,Consumer,Office Supplies,Binders and Binder Accessories,Small Box
35649,Medium,25,174.03,Regular Air,-42.37,West,Consumer,Office Supplies,Paper,Small Box
41412,Not Specified,47,263.81,Regular Air,-237.54,West,Consumer,Office Supplies,Binders and Binder Accessories,Small Box
42339,Critical,31,206.54,Regular Air,-178.82,West,Consumer,Office Supplies,Paper,Small Box
43111,High,27,4722.83,Regular Air,1749.78,West,Consumer,Office Supplies,Binders and Binder Accessories,Small Box
47520,Not Specified,36,277.88,Regular Air,-64.41,Atlantic,Consumer,Office Supplies,Binders and Binder Accessories,Small Box
47520,Not Specified,47,925.3,Regular Air,257.31,Atlantic,Consumer,Office Supplies,Paper,Small Box
49088,Critical,31,1295.54,Regular Air,214.23,Atlantic,Consumer,Office Supplies,Paper,Small Box
49634,Not Specified,39,403.73,Regular Air,-44.13,Atlantic,Consumer,Office Supplies,Appliances,Small Box
53025,Critical,32,195.57,Regular Air,-132.93,Atlantic,Consumer,Office Supplies,Paper,Small Box
54304,High,11,558.62,Regular Air,118.32,Atlantic,Consumer,Office Supplies,Appliances,Small Box
56321,Critical,24,135.88,Regular Air,-75.39,Atlantic,Consumer,Office Supplies,Binders and Binder Accessories,Small Box
57671,Not Specified,6,22.78,Regular Air,3.96,Atlantic,Consumer,Office Supplies,Labels,Small Box
58978,Low,13,75.89,Regular Air,-31.01,Atlantic,Consumer,Office Supplies,Paper,Small Box
5092,Low,25,978.77,Regular Air,220.91,Atlantic,Consumer,Office Supplies,Paper,Small Box
8257,Low,18,881.32,Regular Air,373.67,Atlantic,Consumer,Office Supplies,Paper,Small Box
9285,Critical,3,124.81,Regular Air,-11.94,Atlantic,Consumer,Office Supplies,Binders and Binder Accessories,Small Box
20642,High,32,135.2,Regular Air,59.4,Atlantic,Consumer,Office Supplies,Labels,Small Box
30467,Critical,5,2019.65,Regular Air,289.88,West,Consumer,Office Supplies,Binders and Binder Accessories,Small Box
33893,Not Specified,6,232.21,Regular Air,-14.03,West,Consumer,Office Supplies,Envelopes,Small Box
38656,Low,13,64.46,Regular Air,25.16,West,Consumer,Office Supplies,Labels,Small Box
44610,High,31,127.9,Regular Air,54.21,West,Consumer,Office Supplies,Labels,Small Box
53667,Medium,33,112.36,Regular Air,-159.74,Prarie,Consumer,Office Supplies,Binders and Binder Accessories,Small Box
53667,Medium,16,481.049,Regular Air,46.51,Prarie,Consumer,Technology,Telephones and Communication,Small Box
55429,High,43,260.59,Regular Air,-157.76,Prarie,Consumer,Office Supplies,Paper,Small Box
3463,Critical,43,264.75,Regular Air,-212.51,Prarie,Consumer,Office Supplies,Paper,Small Box
5538,Critical,43,1281.28,Regular Air,415.85,Prarie,Consumer,Office Supplies,Binders and Binder Accessories,Small Box
5538,Critical,4,430.848,Regular Air,-492.77,Prarie,Consumer,Technology,Telephones and Communication,Small Box
9155,Critical,17,518.8,Regular Air,54.63,Prarie,Consumer,Office Supplies,Binders and Binder Accessories,Small Box
12292,Not Specified,32,824.24,Regular Air,-127.23,Prarie,Consumer,Technology,Computer Peripherals,Small Box
23713,Not Specified,38,3701.5205,Regular Air,894.06,Prarie,Consumer,Technology,Telephones and Communication,Small Box
26016,High,2,154.94,Regular Air,-358.43,Prarie,Consumer,Technology,Computer Peripherals,Small Box
32452,Medium,3,8.6,Regular Air,-2.03,Ontario,Consumer,Office Supplies,Labels,Small Box
33378,High,25,945.36,Regular Air,219.85,Ontario,Consumer,Office Supplies,Envelopes,Small Box
38240,High,4,41.53,Regular Air,-15.53,Ontario,Consumer,Office Supplies,Binders and Binder Accessories,Small Box
38917,Low,11,618.1965,Regular Air,-132.53,Ontario,Consumer,Technology,Telephones and Communication,Small Box
50336,Not Specified,9,58.98,Regular Air,-17.79,Ontario,Consumer,Office Supplies,Binders and Binder Accessories,Small Box
52071,Not Specified,14,136.85,Regular Air,-4.43,Ontario,Consumer,Office Supplies,Binders and Binder Accessories,Small Box
52071,Not Specified,1,12.74,Regular Air,-11.39,Ontario,Consumer,Furniture,Office Furnishings,Small Box
26759,Not Specified,30,251.11,Regular Air,10.04,Ontario,Consumer,Office Supplies,Binders and Binder Accessories,Small Box
483,High,30,4965.7595,Regular Air,1198.97,Nunavut,Corporate,Technology,Telephones and Communication,Small Box
613,High,12,93.54,Regular Air,-54.04,Nunavut,Corporate,Office Supplies,Binders and Binder Accessories,Small Box
613,High,22,905.08,Regular Air,127.7,Nunavut,Corporate,Office Supplies,Storage & Organization,Small Box
1344,Low,15,834.904,Regular Air,-11.68,Nunavut,Corporate,Technology,Telephones and Communication,Small Box
1344,Low,18,2480.9205,Regular Air,313.58,Nunavut,Corporate,Technology,Telephones and Communication,Small Box
1539,Low,33,511.83,Regular Air,-172.88,Nunavut,Corporate,Office Supplies,Binders and Binder Accessories,Small Box
2532,High,39,282.07,Regular Air,140.01,Nunavut,Corporate,Office Supplies,Labels,Small Box
2791,High,47,191.67,Regular Air,-236.27,Nunavut,Corporate,Office Supplies,Binders and Binder Accessories,Small Box
2791,High,18,507.64,Regular Air,118.94,Nunavut,Corporate,Office Supplies,Paper,Small Box
3908,Medium,8,820.284,Regular Air,-180.2,Nunavut,Corporate,Technology,Telephones and Communication,Small Box
4132,Not Specified,5,14.76,Regular Air,1.32,Nunavut,Corporate,Office Supplies,Labels,Small Box
5569,Not Specified,12,118.97,Regular Air,-0.06,Nunavut,Corporate,Furniture,Office Furnishings,Small Box
5894,High,7,384.33,Regular Air,87.68,Nunavut,Corporate,Office Supplies,Binders and Binder Accessories,Small Box
5894,High,3,239.03,Regular Air,-68.22,Nunavut,Corporate,Office Supplies,Appliances,Small Box
6182,Low,40,255.48,Regular Air,-116.79,Nunavut,Corporate,Office Supplies,Paper,Small Box
6982,Not Specified,41,844.09,Regular Air,52.56,Nunavut,Corporate,Furniture,Office Furnishings,Small Box
7430,Medium,50,751.77,Regular Air,353.2,Nunavut,Corporate,Office Supplies,Envelopes,Small Box
9126,Medium,47,2799.7,Regular Air,884.08,Northwest Territories,Corporate,Office Supplies,Appliances,Small Box
9763,Medium,44,176.26,Regular Air,75.13,Northwest Territories,Corporate,Office Supplies,Labels,Small Box
10437,Critical,50,820.52,Regular Air,-191.22,Northwest Territories,Corporate,Office Supplies,Binders and Binder Accessories,Small Box
10535,Low,25,854.88,Regular Air,-44.14,Northwest Territories,Corporate,Furniture,Office Furnishings,Small Box
11202,Medium,8,339.81,Regular Air,79.59,Northwest Territories,Corporate,Office Supplies,Binders and Binder Accessories,Small Box
11941,Critical,4,73.07,Regular Air,-41.01,Northwest Territories,Corporate,Office Supplies,Storage & Organization,Small Box
12352,Medium,5,36.86,Regular Air,-32.82,Northwest Territories,Corporate,Office Supplies,Binders and Binder Accessories,Small Box
12544,Low,34,74.3,Regular Air,-129.01,Northwest Territories,Corporate,Furniture,Office Furnishings,Small Box
13346,Low,44,268.34,Regular Air,-240.83,Northwest Territories,Corporate,Office Supplies,Paper,Small Box
16193,Not Specified,8,300.2,Regular Air,6.41,Northwest Territories,Corporate,Office Supplies,Storage & Organization,Small Box
16423,Medium,19,128.21,Regular Air,-55.13,Northwest Territories,Corporate,Office Supplies,Paper,Small Box
16451,Not Specified,9,252.79,Regular Air,58.23,Northwest Territories,Corporate,Office Supplies,Binders and Binder Accessories,Small Box
18144,Critical,48,207.08,Regular Air,-131.82,Northwest Territories,Corporate,Office Supplies,Paper,Small Box
18308,Not Specified,30,114.12,Regular Air,15.73,Northwest Territories,Corporate,Office Supplies,Binders and Binder Accessories,Small Box
18308,Not Specified,15,436.05,Regular Air,-92.58,Northwest Territories,Corporate,Technology,Computer Peripherals,Small Box
18308,Not Specified,49,5247.4835,Regular Air,1465.87,Northwest Territories,Corporate,Technology,Telephones and Communication,Small Box
19078,Critical,21,256.12,Regular Air,-18.19,Northwest Territories,Corporate,Office Supplies,Appliances,Small Box
19686,Medium,11,152.67,Regular Air,12.76,Northwest Territories,Corporate,Office Supplies,Binders and Binder Accessories,Small Box
22151,High,49,465.83,Regular Air,-79.72,Northwest Territories,Corporate,Furniture,Office Furnishings,Small Box
23264,Critical,16,108.42,Regular Air,-50.82,Northwest Territories,Corporate,Office Supplies,Paper,Small Box
23264,Critical,27,78.47,Regular Air,17.99,Northwest Territories,Corporate,Office Supplies,Labels,Small Box
24128,High,43,6583.913,Regular Air,1459.79,Northwest Territories,Corporate,Technology,Telephones and Communication,Small Box
25634,Not Specified,29,593.32,Regular Air,28.99,Northwest Territories,Corporate,Technology,Computer Peripherals,Small Box
25767,High,15,593.73,Regular Air,108.01,Northwest Territories,Corporate,Office Supplies,Paper,Small Box
26499,Medium,11,32.4,Regular Air,8.78,Northwest Territories,Corporate,Office Supplies,Labels,Small Box
26531,Medium,26,4688.9485,Regular Air,1215.44,Northwest Territories,Corporate,Technology,Telephones and Communication,Small Box
26567,Critical,8,50.7,Regular Air,-44.07,Northwest Territories,Corporate,Office Supplies,Binders and Binder Accessories,Small Box
26567,Critical,48,6109.817,Regular Air,1374.95,Northwest Territories,Corporate,Technology,Telephones and Communication,Small Box
27778,Critical,1,232.67,Regular Air,-105.14,Northwest Territories,Corporate,Office Supplies,Binders and Binder Accessories,Small Box
27909,Critical,1,62.26,Regular Air,-23.24,Northwest Territories,Corporate,Office Supplies,Paper,Small Box
28003,Critical,31,157.79,Regular Air,-95.92,Northwest Territories,Corporate,Office Supplies,Paper,Small Box
28165,Not Specified,2,24.96,Regular Air,-12.8,Northwest Territories,Corporate,Office Supplies,Binders and Binder Accessories,Small Box
28289,High,31,166.76,Regular Air,-46.03,Northwest Territories,Corporate,Office Supplies,Paper,Small Box
28486,High,2,811.13,Regular Air,-517.47,Northwest Territories,Corporate,Office Supplies,Storage & Organization,Small Box
28870,High,35,3310.9455,Regular Air,822.4,Northwest Territories,Corporate,Technology,Telephones and Communication,Small Box
30947,Low,17,691.59,Regular Air,261.24,Northwest Territories,Corporate,Office Supplies,Binders and Binder Accessories,Small Box
30947,Low,45,345.2,Regular Air,183.53,Northwest Territories,Corporate,Office Supplies,Labels,Small Box
31270,Medium,5,165.04,Regular Air,-112.44,Northwest Territories,Corporate,Technology,Computer Peripherals,Small Box
31364,Not Specified,2,789.01,Regular Air,-539.59,Northwest Territories,Corporate,Office Supplies,Storage & Organization,Small Box
31618,Critical,14,403.17,Regular Air,147.45,Northwest Territories,Corporate,Office Supplies,Binders and Binder Accessories,Small Box
31781,Medium,46,249.02,Regular Air,-282.61,Northwest Territories,Corporate,Office Supplies,Binders and Binder Accessories,Small Box
32743,Critical,19,3548.67,Regular Air,1280.19,Northwest Territories,Corporate,Office Supplies,Appliances,Small Box
33186,Low,24,1350.531,Regular Air,221.18,Northwest Territories,Corporate,Technology,Telephones and Communication,Small Box
33444,Medium,8,127.8,Regular Air,-30.48,Northwest Territories,Corporate,Office Supplies,Storage & Organization,Small Box
33703,Not Specified,25,802.19,Regular Air,56.26,Northwest Territories,Corporate,Office Supplies,Storage & Organization,Small Box
34177,High,13,34.42,Regular Air,9.47,Northwest Territories,Corporate,Office Supplies,Labels,Small Box
34177,High,26,172.76,Regular Air,73.18,Northwest Territories,Corporate,Office Supplies,Labels,Small Box
34631,Not Specified,5,22.06,Regular Air,-22.28,Northwest Territories,Corporate,Office Supplies,Binders and Binder Accessories,Small Box
36134,Low,6,826.9735,Regular Air,-413.33,Northwest Territories,Corporate,Technology,Telephones and Communication,Small Box
36644,High,24,2298.32,Regular Air,218.72,Northwest Territories,Corporate,Technology,Computer Peripherals,Small Box
37634,Medium,32,368.18,Regular Air,-36.78,Northwest Territories,Corporate,Office Supplies,Storage & Organization,Small Box
39364,High,15,19417.55,Regular Air,8417.57,Northwest Territories,Corporate,Office Supplies,Binders and Binder Accessories,Small Box
39683,High,31,615.58,Regular Air,168,Northwest Territories,Corporate,Office Supplies,Binders and Binder Accessories,Small Box
40067,Low,38,2157.3085,Regular Air,519.25,Northwest Territories,Corporate,Technology,Telephones and Communication,Small Box
40132,Low,16,347.47,Regular Air,-86.2,Northwest Territories,Corporate,Office Supplies,Binders and Binder Accessories,Small Box
41153,Medium,29,862.2,Regular Air,-45.1,Northwest Territories,Corporate,Technology,Computer Peripherals,Small Box
41409,Not Specified,1,18.92,Regular Air,-18.25,Northwest Territories,Corporate,Office Supplies,Binders and Binder Accessories,Small Box
42209,High,5,324.55,Regular Air,-12.82,Northwest Territories,Corporate,Office Supplies,Appliances,Small Box
43109,Critical,19,281.84,Regular Air,-21.85,Northwest Territories,Corporate,Office Supplies,Binders and Binder Accessories,Small Box
43109,Critical,25,509.52,Regular Air,-145.78,Northwest Territories,Corporate,Technology,Computer Peripherals,Small Box
43329,Medium,42,2475.83,Regular Air,752.37,Northwest Territories,Corporate,Office Supplies,Appliances,Small Box
43364,High,21,524.2,Regular Air,158.98,Northwest Territories,Corporate,Office Supplies,Envelopes,Small Box
44071,Not Specified,19,110.67,Regular Air,-43.75,Northwest Territories,Corporate,Office Supplies,Binders and Binder Accessories,Small Box
44071,Not Specified,20,1163.123,Regular Air,83.84,Northwest Territories,Corporate,Technology,Telephones and Communication,Small Box
44519,High,48,224.58,Regular Air,-144.76,Northwest Territories,Corporate,Office Supplies,Binders and Binder Accessories,Small Box
44519,High,34,365.77,Regular Air,155.69,Northwest Territories,Corporate,Office Supplies,Envelopes,Small Box
46980,Critical,34,216.3,Regular Air,103.16,Northwest Territories,Corporate,Office Supplies,Labels,Small Box
47462,High,43,154.18,Regular Air,-166.92,Northwest Territories,Corporate,Office Supplies,Binders and Binder Accessories,Small Box
47873,Critical,8,52.39,Regular Air,-17.38,Northwest Territories,Corporate,Furniture,Office Furnishings,Small Box
48839,Critical,1,97.13,Regular Air,-37.06,Northwest Territories,Corporate,Office Supplies,Labels,Small Box
50278,High,2,51.21,Regular Air,-27.53,Northwest Territories,Corporate,Office Supplies,Binders and Binder Accessories,Small Box
50565,High,43,683.46,Regular Air,-138.82,Northwest Territories,Corporate,Office Supplies,Envelopes,Small Box
50914,Critical,49,8551.544,Regular Air,2763.13,Northwest Territories,Corporate,Technology,Telephones and Communication,Small Box
51938,Low,5,503.3275,Regular Air,-488.31,Northwest Territories,Corporate,Technology,Telephones and Communication,Small Box
53156,Not Specified,47,186.93,Regular Air,56.44,Northwest Territories,Corporate,Office Supplies,Labels,Small Box
53990,Not Specified,44,4263.9315,Regular Air,1411.03,Northwest Territories,Corporate,Technology,Telephones and Communication,Small Box
55366,Critical,7,387.17,Regular Air,-204.65,Northwest Territories,Corporate,Technology,Computer Peripherals,Small Box
58150,Critical,24,60.36,Regular Air,-119.62,Atlantic,Corporate,Office Supplies,Binders and Binder Accessories,Small Box
58340,Medium,36,1936.3,Regular Air,278.12,Atlantic,Corporate,Office Supplies,Appliances,Small Box
58368,High,4,14.23,Regular Air,-4.43,Atlantic,Corporate,Furniture,Office Furnishings,Small Box
58368,High,39,272.07,Regular Air,-206.46,Atlantic,Corporate,Office Supplies,Paper,Small Box
59047,Not Specified,26,113.85,Regular Air,-93.93,Atlantic,Corporate,Furniture,Office Furnishings,Small Box
59234,Low,32,5686.25,Regular Air,2109.21,Atlantic,Corporate,Office Supplies,Appliances,Small Box
59651,Critical,36,283.21,Regular Air,-196.06,Atlantic,Corporate,Office Supplies,Binders and Binder Accessories,Small Box
1187,Medium,14,222.91,Regular Air,20.21,Atlantic,Corporate,Technology,Computer Peripherals,Small Box
4007,High,18,1038.4,Regular Air,112.36,Atlantic,Corporate,Office Supplies,Appliances,Small Box
4416,Low,46,7441.29,Regular Air,2665.4,Atlantic,Corporate,Office Supplies,Binders and Binder Accessories,Small Box
4454,Low,17,55.45,Regular Air,21.42,Atlantic,Corporate,Office Supplies,Labels,Small Box
5446,Low,42,433.68,Regular Air,44.1,Atlantic,Corporate,Office Supplies,Envelopes,Small Box
8994,Low,36,1423.35,Regular Air,-580.32,Atlantic,Corporate,Technology,Computer Peripherals,Small Box
9574,Medium,40,434.62,Regular Air,-68.98,Atlantic,Corporate,Office Supplies,Binders and Binder Accessories,Small Box
11362,Low,25,2407.693,Regular Air,424.14,Atlantic,Corporate,Technology,Telephones and Communication,Small Box
12773,Low,6,17,Regular Air,-4.61,Atlantic,Corporate,Office Supplies,Binders and Binder Accessories,Small Box
12773,Low,15,67.41,Regular Air,-49.6,Atlantic,Corporate,Furniture,Office Furnishings,Small Box
12773,Low,19,130.67,Regular Air,-77.18,Atlantic,Corporate,Office Supplies,Paper,Small Box
12934,Not Specified,45,440.39,Regular Air,186.64,Atlantic,Corporate,Office Supplies,Envelopes,Small Box
13604,Not Specified,38,3152.75,Regular Air,1166.4,Atlantic,Corporate,Technology,Computer Peripherals,Small Box
15044,Low,42,1681.6,Regular Air,167.37,Atlantic,Corporate,Technology,Computer Peripherals,Small Box
18273,Low,18,925.03,Regular Air,-3.68,Atlantic,Corporate,Technology,Computer Peripherals,Small Box
19042,Critical,8,327.61,Regular Air,54.9,Atlantic,Corporate,Office Supplies,Binders and Binder Accessories,Small Box
19073,Not Specified,16,178.4,Regular Air,20.08,Atlantic,Corporate,Furniture,Office Furnishings,Small Box
19617,Low,3,171.9635,Regular Air,-296.37,Atlantic,Corporate,Technology,Telephones and Communication,Small Box
21378,Medium,34,937.04,Regular Air,391.6,Atlantic,Corporate,Office Supplies,Binders and Binder Accessories,Small Box
21378,Medium,17,1616.64,Regular Air,26.94,Atlantic,Corporate,Technology,Computer Peripherals,Small Box
24067,High,19,120.56,Regular Air,-79.35,Atlantic,Corporate,Office Supplies,Paper,Small Box
24965,Low,42,1146.11,Regular Air,330.63,Atlantic,Corporate,Furniture,Office Furnishings,Small Box
25376,Critical,12,76.61,Regular Air,-31.83,Atlantic,Corporate,Furniture,Office Furnishings,Small Box
28836,High,50,8221.2935,Regular Air,2342.21,Atlantic,Corporate,Technology,Telephones and Communication,Small Box
28836,High,7,1158.26,Regular Air,170.08,Atlantic,Corporate,Office Supplies,Binders and Binder Accessories,Small Box
28995,High,9,298.52,Regular Air,73.19,Atlantic,Corporate,Office Supplies,Paper,Small Box
28995,High,34,667.35,Regular Air,80.92,Atlantic,Corporate,Office Supplies,Paper,Small Box
29121,Medium,31,3206.965,Regular Air,575.33,Atlantic,Corporate,Technology,Telephones and Communication,Small Box
30243,Critical,44,2435.32,Regular Air,650.56,Atlantic,Corporate,Office Supplies,Appliances,Small Box
32199,High,40,196.5,Regular Air,-99.76,Atlantic,Corporate,Office Supplies,Binders and Binder Accessories,Small Box
32835,Medium,15,572.4325,Regular Air,-19.44,Atlantic,Corporate,Technology,Telephones and Communication,Small Box
32869,Medium,39,5250.6625,Regular Air,930.99,Atlantic,Corporate,Technology,Telephones and Communication,Small Box
35300,Medium,10,28.81,Regular Air,7.15,Atlantic,Corporate,Office Supplies,Labels,Small Box
37888,Critical,31,639.19,Regular Air,274.9,Atlantic,Corporate,Office Supplies,Binders and Binder Accessories,Small Box
40327,Medium,42,152.55,Regular Air,-20.27,Atlantic,Corporate,Office Supplies,Envelopes,Small Box
40327,Medium,36,152.96,Regular Air,-123.87,Atlantic,Corporate,Office Supplies,Paper,Small Box
40800,Not Specified,18,101.34,Regular Air,26.11,Atlantic,Corporate,Office Supplies,Envelopes,Small Box
40871,Not Specified,32,294.04,Regular Air,-5.53,Atlantic,Corporate,Office Supplies,Binders and Binder Accessories,Small Box
41991,Low,35,543.22,Regular Air,68.44,Atlantic,Corporate,Furniture,Office Furnishings,Small Box
42754,Critical,31,341.71,Regular Air,32.19,Atlantic,Corporate,Office Supplies,Binders and Binder Accessories,Small Box
42918,High,46,648.26,Regular Air,30.48,Atlantic,Corporate,Office Supplies,Binders and Binder Accessories,Small Box
44387,Low,20,173.09,Regular Air,-6.71,Atlantic,Corporate,Office Supplies,Paper,Small Box
45601,High,47,945.03,Regular Air,267.64,Atlantic,Corporate,Office Supplies,Paper,Small Box
46756,Medium,3,33.64,Regular Air,-22.45,Atlantic,Corporate,Office Supplies,Paper,Small Box
47714,Medium,30,176.15,Regular Air,-125.36,Atlantic,Corporate,Office Supplies,Binders and Binder Accessories,Small Box
47846,High,37,241.14,Regular Air,-120.08,Atlantic,Corporate,Office Supplies,Paper,Small Box
48199,Not Specified,47,672.46,Regular Air,279.74,Atlantic,Corporate,Office Supplies,Envelopes,Small Box
50404,High,18,3780.43,Regular Air,905.57,Prarie,Corporate,Office Supplies,Storage & Organization,Small Box
50784,High,20,638.72,Regular Air,-130.88,Prarie,Corporate,Technology,Computer Peripherals,Small Box
51558,Not Specified,34,245.4,Regular Air,-87.27,Prarie,Corporate,Office Supplies,Paper,Small Box
53410,Critical,44,642.8,Regular Air,-253.11,Prarie,Corporate,Office Supplies,Appliances,Small Box
53477,High,28,4479.16,Regular Air,610.9,Prarie,Corporate,Office Supplies,Storage & Organization,Small Box
53703,Not Specified,14,1966.26,Regular Air,-34.79,Prarie,Corporate,Office Supplies,Storage & Organization,Small Box
54115,Low,24,114.17,Regular Air,-80.05,Prarie,Corporate,Office Supplies,Appliances,Small Box
54115,Low,39,197.11,Regular Air,-89.42,Prarie,Corporate,Office Supplies,Binders and Binder Accessories,Small Box
54501,Critical,36,2039.082,Regular Air,481.7,Prarie,Corporate,Technology,Telephones and Communication,Small Box
54753,Medium,36,4711.244,Regular Air,1380.32,Prarie,Corporate,Technology,Telephones and Communication,Small Box
57159,Critical,42,460.2,Regular Air,-214.39,Prarie,Corporate,Office Supplies,Paper,Small Box
57507,Critical,10,155.45,Regular Air,-19.68,Prarie,Corporate,Office Supplies,Binders and Binder Accessories,Small Box
58788,Low,31,983.78,Regular Air,43.72,Prarie,Corporate,Technology,Computer Peripherals,Small Box
59750,Low,34,223.59,Regular Air,-66.05,West,Corporate,Office Supplies,Paper,Small Box
35,Not Specified,14,1892.848,Regular Air,48.99,West,Corporate,Technology,Telephones and Communication,Small Box
2279,Medium,39,845.9,Regular Air,52.53,West,Corporate,Office Supplies,Storage & Organization,Small Box
2530,Medium,9,23.46,Regular Air,4.58,West,Corporate,Office Supplies,Labels,Small Box
10692,Low,48,8101.9875,Regular Air,2369.84,West,Corporate,Technology,Telephones and Communication,Small Box
10692,Low,8,1313.811,Regular Air,-457.16,West,Corporate,Technology,Telephones and Communication,Small Box
11782,Low,46,247.21,Regular Air,-63.72,West,Corporate,Office Supplies,Paper,Small Box
12199,Low,2,19,Regular Air,-10.73,West,Corporate,Office Supplies,Binders and Binder Accessories,Small Box
12199,Low,50,8289.51,Regular Air,3051.62,West,Corporate,Office Supplies,Storage & Organization,Small Box
18471,Not Specified,29,185.61,Regular Air,-47.12,West,Corporate,Office Supplies,Paper,Small Box
21892,High,6,34.88,Regular Air,-18.34,West,Corporate,Office Supplies,Binders and Binder Accessories,Small Box
23907,Not Specified,7,384.2,Regular Air,-164.46,West,Corporate,Technology,Telephones and Communication,Small Box
24132,Low,4,31.01,Regular Air,-4.49,West,Corporate,Office Supplies,Binders and Binder Accessories,Small Box
24132,Low,46,331.83,Regular Air,-101.25,West,Corporate,Office Supplies,Binders and Binder Accessories,Small Box
24132,Low,22,446.46,Regular Air,-1.88,West,Corporate,Technology,Computer Peripherals,Small Box
24132,Low,31,1252.89,Regular Air,339.75,West,Corporate,Office Supplies,Binders and Binder Accessories,Small Box
24132,Low,12,47.79,Regular Air,-57.75,West,Corporate,Office Supplies,Binders and Binder Accessories,Small Box
24132,Low,3,63.84,Regular Air,-47.97,West,Corporate,Office Supplies,Storage & Organization,Small Box
24576,Not Specified,10,152.84,Regular Air,38.02,West,Corporate,Furniture,Office Furnishings,Small Box
28068,Low,23,631.99,Regular Air,-43.96,West,Corporate,Technology,Computer Peripherals,Small Box
34816,Not Specified,29,1158.45,Regular Air,267.16,West,Corporate,Office Supplies,Appliances,Small Box
34816,Not Specified,43,2568.71,Regular Air,590.77,West,Corporate,Office Supplies,Envelopes,Small Box
37315,Low,43,170.81,Regular Air,-133.68,West,Corporate,Office Supplies,Paper,Small Box
37925,Medium,31,1784.048,Regular Air,394.45,West,Corporate,Technology,Telephones and Communication,Small Box
38021,Medium,46,1482.01,Regular Air,709.33,West,Corporate,Office Supplies,Binders and Binder Accessories,Small Box
38336,Critical,14,91.75,Regular Air,2.82,West,Corporate,Office Supplies,Binders and Binder Accessories,Small Box
38336,Critical,31,346.57,Regular Air,-116.45,West,Corporate,Technology,Computer Peripherals,Small Box
39783,Not Specified,19,82.43,Regular Air,-94.76,West,Corporate,Office Supplies,Appliances,Small Box
39783,Not Specified,31,295.97,Regular Air,5.02,West,Corporate,Office Supplies,Binders and Binder Accessories,Small Box
39783,Not Specified,29,94.5,Regular Air,39.9,West,Corporate,Office Supplies,Labels,Small Box
44256,Low,17,114.28,Regular Air,-38.72,West,Corporate,Office Supplies,Paper,Small Box
47367,Medium,7,27.99,Regular Air,-0.17,West,Corporate,Office Supplies,Binders and Binder Accessories,Small Box
47367,Medium,6,21.07,Regular Air,2.28,West,Corporate,Office Supplies,Labels,Small Box
47750,Low,37,102.46,Regular Air,36.64,West,Corporate,Office Supplies,Labels,Small Box
48388,High,3,21.64,Regular Air,-13.33,West,Corporate,Office Supplies,Binders and Binder Accessories,Small Box
51879,Not Specified,26,1382.31,Regular Air,372.26,West,Corporate,Furniture,Office Furnishings,Small Box
51879,Not Specified,46,991.36,Regular Air,212.06,West,Corporate,Office Supplies,Paper,Small Box
53572,Medium,17,184.09,Regular Air,4.79,West,Corporate,Office Supplies,Envelopes,Small Box
54119,Medium,4,127.56,Regular Air,-41.75,West,Corporate,Office Supplies,Storage & Organization,Small Box
9892,Medium,50,1406.64,Regular Air,424.36,West,Corporate,Office Supplies,Envelopes,Small Box
10048,Not Specified,46,3197.45,Regular Air,97.16,West,Corporate,Technology,Computer Peripherals,Small Box
10432,Low,13,2323.36,Regular Air,220.39,West,Corporate,Technology,Computer Peripherals,Small Box
13158,Critical,26,187.16,Regular Air,29.33,West,Corporate,Office Supplies,Binders and Binder Accessories,Small Box
14375,Medium,7,44.05,Regular Air,-21.77,West,Corporate,Office Supplies,Paper,Small Box
16230,Low,2,13.3,Regular Air,-7.86,West,Corporate,Office Supplies,Labels,Small Box
16230,Low,15,687.52,Regular Air,223.76,West,Corporate,Office Supplies,Paper,Small Box
16230,Low,40,4538.66,Regular Air,506.86,West,Corporate,Office Supplies,Storage & Organization,Small Box
21856,Not Specified,47,168.55,Regular Air,71.77,West,Corporate,Office Supplies,Labels,Small Box
22119,Low,20,939.39,Regular Air,-122.77,West,Corporate,Office Supplies,Appliances,Small Box
22534,Medium,3,279.33,Regular Air,-44.18,West,Corporate,Office Supplies,Envelopes,Small Box
24070,High,36,170.42,Regular Air,-98.31,West,Corporate,Office Supplies,Binders and Binder Accessories,Small Box
27174,Critical,17,477.5045,Regular Air,-245.56,West,Corporate,Technology,Telephones and Communication,Small Box
33600,Low,42,187.28,Regular Air,-94.36,West,Corporate,Office Supplies,Paper,Small Box
35364,Critical,16,72.08,Regular Air,-54.75,West,Corporate,Office Supplies,Paper,Small Box
35364,Critical,8,1265.293,Regular Air,-554.44,West,Corporate,Technology,Telephones and Communication,Small Box
38272,Critical,39,71.04,Regular Air,-20.65,West,Corporate,Office Supplies,Binders and Binder Accessories,Small Box
45763,High,25,67.45,Regular Air,24.28,West,Corporate,Office Supplies,Labels,Small Box
50310,Medium,22,482.37,Regular Air,34.03,West,Corporate,Technology,Computer Peripherals,Small Box
51648,Low,45,2354.8,Regular Air,332.97,West,Corporate,Technology,Computer Peripherals,Small Box
53216,High,36,228.01,Regular Air,-185.54,West,Corporate,Office Supplies,Paper,Small Box
55777,Not Specified,6,323.53,Regular Air,136.32,West,Corporate,Furniture,Office Furnishings,Small Box
56640,High,2,29.31,Regular Air,-12.78,West,Corporate,Office Supplies,Paper,Small Box
56640,High,11,80.26,Regular Air,-22.55,West,Corporate,Office Supplies,Paper,Small Box
322,Critical,20,2634.8555,Regular Air,257.76,West,Corporate,Technology,Telephones and Communication,Small Box
322,Critical,46,281,Regular Air,-291.59,West,Corporate,Office Supplies,Paper,Small Box
1221,Not Specified,1,14.68,Regular Air,-13.78,West,Corporate,Office Supplies,Binders and Binder Accessories,Small Box
1221,Not Specified,11,10145.14,Regular Air,3724.57,West,Corporate,Office Supplies,Binders and Binder Accessories,Small Box
1221,Not Specified,16,68.45,Regular Air,-57.88,West,Corporate,Office Supplies,Binders and Binder Accessories,Small Box
1445,Medium,3,1326.09,Regular Air,-20.55,West,Corporate,Office Supplies,Binders and Binder Accessories,Small Box
4067,High,16,118.38,Regular Air,-42.46,West,Corporate,Office Supplies,Binders and Binder Accessories,Small Box
4261,Critical,33,195.98,Regular Air,-71.47,West,Corporate,Office Supplies,Paper,Small Box
4261,Critical,48,274.38,Regular Air,-94.82,West,Corporate,Office Supplies,Paper,Small Box
4864,Low,16,4901.99,Regular Air,1724.68,West,Corporate,Office Supplies,Binders and Binder Accessories,Small Box
4996,Medium,30,4305.79,Regular Air,1020.32,West,Corporate,Office Supplies,Storage & Organization,Small Box
6144,Critical,24,67.35,Regular Air,22.63,West,Corporate,Office Supplies,Labels,Small Box
7169,Medium,22,446.72,Regular Air,-39,West,Corporate,Furniture,Office Furnishings,Small Box
7169,Medium,30,1580.6005,Regular Air,303.53,West,Corporate,Technology,Telephones and Communication,Small Box
7427,Not Specified,47,16002.29,Regular Air,4604.79,West,Corporate,Office Supplies,Appliances,Small Box
7427,Not Specified,9,182.26,Regular Air,60.61,West,Corporate,Office Supplies,Binders and Binder Accessories,Small Box
8992,High,14,2145.6975,Regular Air,-176.79,West,Corporate,Technology,Telephones and Communication,Small Box
8992,High,18,1341.963,Regular Air,180.78,West,Corporate,Technology,Telephones and Communication,Small Box
10306,Low,20,310.31,Regular Air,51.5,West,Corporate,Furniture,Office Furnishings,Small Box
10470,Critical,35,246.98,Regular Air,-94.78,West,Corporate,Furniture,Office Furnishings,Small Box
11392,Low,28,128.69,Regular Air,28.29,West,Corporate,Office Supplies,Binders and Binder Accessories,Small Box
14240,High,24,68.88,Regular Air,1.31,West,Corporate,Office Supplies,Binders and Binder Accessories,Small Box
14471,Not Specified,42,286.73,Regular Air,-141.51,West,Corporate,Office Supplies,Paper,Small Box
17344,Critical,40,2405.4575,Regular Air,571.54,West,Corporate,Technology,Telephones and Communication,Small Box
17507,Medium,27,399.76,Regular Air,48.13,West,Corporate,Office Supplies,Appliances,Small Box
18179,Not Specified,24,73.37,Regular Air,16.1,West,Corporate,Office Supplies,Labels,Small Box
19044,Low,29,271.33,Regular Air,-191.09,West,Corporate,Office Supplies,Storage & Organization,Small Box
20676,Low,22,43.97,Regular Air,-9.05,West,Corporate,Office Supplies,Binders and Binder Accessories,Small Box
20960,Low,19,195.96,Regular Air,-104.82,West,Corporate,Technology,Computer Peripherals,Small Box
21350,Medium,30,278.94,Regular Air,-143.7,West,Corporate,Office Supplies,Paper,Small Box
23207,Critical,11,336.91,Regular Air,42.5,West,Corporate,Office Supplies,Paper,Small Box
26368,Medium,25,1809.0125,Regular Air,795.05,West,Corporate,Technology,Telephones and Communication,Small Box
28225,Critical,9,206.04,Regular Air,-49.81,West,Corporate,Furniture,Office Furnishings,Small Box
28898,Low,44,246,Regular Air,-207.36,West,Corporate,Office Supplies,Paper,Small Box
29185,High,8,468.49,Regular Air,-6.37,West,Corporate,Office Supplies,Appliances,Small Box
29986,Critical,40,1477.39,Regular Air,641.4,West,Corporate,Office Supplies,Binders and Binder Accessories,Small Box
30149,Medium,8,16.47,Regular Air,-6.82,West,Corporate,Office Supplies,Binders and Binder Accessories,Small Box
30149,Medium,50,690.97,Regular Air,-16.94,West,Corporate,Furniture,Office Furnishings,Small Box
32611,Medium,16,33.76,Regular Air,-7.15,West,Corporate,Office Supplies,Binders and Binder Accessories,Small Box
32611,Medium,15,81.66,Regular Air,-31.99,West,Corporate,Office Supplies,Paper,Small Box
32901,Critical,13,49.74,Regular Air,17.7,West,Corporate,Office Supplies,Labels,Small Box
33732,Not Specified,33,332.95,Regular Air,-28.16,West,Corporate,Furniture,Office Furnishings,Small Box
34852,Low,26,53.93,Regular Air,-10.95,West,Corporate,Office Supplies,Binders and Binder Accessories,Small Box
36480,Medium,44,1190.8,Regular Air,502.49,West,Corporate,Office Supplies,Binders and Binder Accessories,Small Box
36803,Not Specified,42,121.65,Regular Air,30.76,West,Corporate,Office Supplies,Labels,Small Box
36803,Not Specified,2,103.105,Regular Air,-316.32,West,Corporate,Technology,Telephones and Communication,Small Box
36805,Medium,7,263.8,Regular Air,165.33,West,Corporate,Furniture,Office Furnishings,Small Box
37729,Not Specified,48,447.89,Regular Air,-26.78,West,Corporate,Office Supplies,Binders and Binder Accessories,Small Box
40164,Not Specified,8,184.07,Regular Air,75.63,West,Corporate,Furniture,Office Furnishings,Small Box
40608,Not Specified,29,573.97,Regular Air,55.82,West,Corporate,Office Supplies,Paper,Small Box
40608,Not Specified,39,223.79,Regular Air,-89.88,West,Corporate,Office Supplies,Paper,Small Box
40801,Not Specified,20,129.16,Regular Air,-56.15,West,Corporate,Office Supplies,Paper,Small Box
40965,Medium,29,843.55,Regular Air,168.76,West,Corporate,Office Supplies,Paper,Small Box
42112,Not Specified,16,2744.361,Regular Air,201.03,West,Corporate,Technology,Telephones and Communication,Small Box
42342,Not Specified,25,318.14,Regular Air,49.67,West,Corporate,Office Supplies,Paper,Small Box
45155,Low,44,181.61,Regular Air,-150.26,Atlantic,Corporate,Office Supplies,Binders and Binder Accessories,Small Box
48452,High,19,1781.11,Regular Air,51.44,Atlantic,Corporate,Technology,Computer Peripherals,Small Box
48452,High,44,185.32,Regular Air,-192.56,Atlantic,Corporate,Furniture,Office Furnishings,Small Box
48452,High,15,73.41,Regular Air,-44.79,Atlantic,Corporate,Office Supplies,Binders and Binder Accessories,Small Box
49223,Medium,24,238.25,Regular Air,-83.55,Atlantic,Corporate,Office Supplies,Storage & Organization,Small Box
58407,High,29,1669.88,Regular Air,548.92,Atlantic,Corporate,Office Supplies,Paper,Small Box
58884,Low,29,87.68,Regular Air,23.14,Atlantic,Corporate,Office Supplies,Labels,Small Box
58913,Medium,23,144.55,Regular Air,-60.17,Atlantic,Corporate,Office Supplies,Paper,Small Box
1699,Critical,40,430.88,Regular Air,39,Atlantic,Corporate,Office Supplies,Envelopes,Small Box
3361,Not Specified,49,213.71,Regular Air,-208.02,Atlantic,Corporate,Office Supplies,Paper,Small Box
5511,Critical,32,1829.387,Regular Air,482.45,Atlantic,Corporate,Technology,Telephones and Communication,Small Box
8007,Low,5,820.5645,Regular Air,-800.25,Atlantic,Corporate,Technology,Telephones and Communication,Small Box
9923,High,27,63.71,Regular Air,-96.03,Atlantic,Corporate,Furniture,Office Furnishings,Small Box
9925,Critical,17,86.47,Regular Air,-9.35,Atlantic,Corporate,Office Supplies,Binders and Binder Accessories,Small Box
12228,Not Specified,30,5015.051,Regular Air,1090.43,Atlantic,Corporate,Technology,Telephones and Communication,Small Box
12355,Not Specified,45,168.66,Regular Air,-167.06,Atlantic,Corporate,Office Supplies,Appliances,Small Box
12389,Medium,34,2560.59,Regular Air,670.96,Atlantic,Corporate,Technology,Computer Peripherals,Small Box
12389,Medium,16,189.04,Regular Air,-74.77,Atlantic,Corporate,Office Supplies,Storage & Organization,Small Box
15878,High,36,275.06,Regular Air,-237.87,Atlantic,Corporate,Office Supplies,Paper,Small Box
16967,Low,5,397.55,Regular Air,-152.47,Atlantic,Corporate,Technology,Computer Peripherals,Small Box
16967,Low,34,676.26,Regular Air,181.98,Atlantic,Corporate,Office Supplies,Paper,Small Box
18432,High,42,451.32,Regular Air,1.16,Atlantic,Corporate,Furniture,Office Furnishings,Small Box
22053,Critical,32,563.08,Regular Air,112.97,Atlantic,Corporate,Office Supplies,Binders and Binder Accessories,Small Box
25347,Low,28,967.27,Regular Air,309.31,Atlantic,Corporate,Office Supplies,Paper,Small Box
26304,Medium,43,7452.137,Regular Air,2028.36,Atlantic,Corporate,Technology,Telephones and Communication,Small Box
31297,Low,39,679.95,Regular Air,-93.3,West,Corporate,Office Supplies,Pens & Art Supplies,Small Box
31297,Low,44,1579.56,Regular Air,699.64,West,Corporate,Office Supplies,Paper,Small Box
31553,Critical,32,4906.85,Regular Air,1907.94,West,Corporate,Office Supplies,Envelopes,Small Box
33570,Not Specified,46,265.88,Regular Air,-90.9,West,Corporate,Office Supplies,Binders and Binder Accessories,Small Box
33570,Not Specified,19,3093.864,Regular Air,286.4,West,Corporate,Technology,Telephones and Communication,Small Box
36359,High,2,68.66,Regular Air,-29.6,West,Corporate,Office Supplies,Paper,Small Box
36901,Critical,30,201.09,Regular Air,-56.22,West,Corporate,Office Supplies,Paper,Small Box
38625,Not Specified,12,72.82,Regular Air,5.03,West,Corporate,Office Supplies,Envelopes,Small Box
44450,Critical,24,1326.51,Regular Air,58.17,West,Corporate,Technology,Telephones and Communication,Small Box
45025,High,26,73.82,Regular Air,2.01,Prarie,Corporate,Office Supplies,Binders and Binder Accessories,Small Box
45248,Medium,38,154.85,Regular Air,-136.55,Prarie,Corporate,Office Supplies,Appliances,Small Box
45248,Medium,32,4941.7725,Regular Air,704.89,Prarie,Corporate,Technology,Telephones and Communication,Small Box
45570,Critical,19,77.57,Regular Air,-67.49,Prarie,Corporate,Office Supplies,Binders and Binder Accessories,Small Box
46885,Low,32,1997.13,Regular Air,720.45,Prarie,Corporate,Furniture,Office Furnishings,Small Box
46948,Low,10,64.13,Regular Air,-28.97,Prarie,Corporate,Office Supplies,Binders and Binder Accessories,Small Box
47267,Medium,24,492.71,Regular Air,67.01,Prarie,Corporate,Office Supplies,Paper,Small Box
48167,Critical,45,282.98,Regular Air,-237.47,Prarie,Corporate,Office Supplies,Paper,Small Box
48614,Critical,46,7965.9025,Regular Air,2311.96,Prarie,Corporate,Technology,Telephones and Communication,Small Box
48931,Low,33,750.66,Regular Air,120.05,Prarie,Corporate,Technology,Computer Peripherals,Small Box
48931,Low,8,254.32,Regular Air,-117.39,Prarie,Corporate,Technology,Computer Peripherals,Small Box
48931,Low,42,2149.37,Regular Air,217.87,Prarie,Corporate,Furniture,Office Furnishings,Small Box
49763,Critical,8,49.04,Regular Air,9.29,Prarie,Corporate,Office Supplies,Envelopes,Small Box
51333,Not Specified,25,237.36,Regular Air,-117.86,Prarie,Corporate,Office Supplies,Paper,Small Box
51365,High,35,195.23,Regular Air,-72.46,Prarie,Corporate,Furniture,Office Furnishings,Small Box
52225,Critical,33,1817.9,Regular Air,700.31,Prarie,Corporate,Office Supplies,Paper,Small Box
52487,Critical,17,124.06,Regular Air,15.74,Prarie,Corporate,Office Supplies,Envelopes,Small Box
55749,Critical,42,364.8,Regular Air,149.45,Prarie,Corporate,Office Supplies,Envelopes,Small Box
56708,Not Specified,36,407.17,Regular Air,-12.82,Prarie,Corporate,Office Supplies,Envelopes,Small Box
58725,Not Specified,39,335.35,Regular Air,-134.97,Prarie,Corporate,Office Supplies,Envelopes,Small Box
902,Not Specified,10,1925.83,Regular Air,359.83,Prarie,Corporate,Office Supplies,Appliances,Small Box
2306,High,15,113.5,Regular Air,-46.35,Prarie,Corporate,Office Supplies,Binders and Binder Accessories,Small Box
4037,High,27,188.07,Regular Air,-101.85,Prarie,Corporate,Office Supplies,Paper,Small Box
5863,Medium,40,933.21,Regular Air,207.18,Prarie,Corporate,Furniture,Office Furnishings,Small Box
7364,High,15,260.39,Regular Air,-48.57,Prarie,Corporate,Office Supplies,Envelopes,Small Box
8551,Critical,25,185.64,Regular Air,-69.87,Prarie,Corporate,Office Supplies,Binders and Binder Accessories,Small Box
8551,Critical,34,225.98,Regular Air,-135.74,Prarie,Corporate,Office Supplies,Paper,Small Box
15142,Not Specified,21,330.22,Regular Air,-51.72,Prarie,Corporate,Office Supplies,Binders and Binder Accessories,Small Box
15872,Not Specified,23,188.53,Regular Air,-27.49,Prarie,Corporate,Office Supplies,Paper,Small Box
15872,Not Specified,19,718.41,Regular Air,23.94,Prarie,Corporate,Office Supplies,Paper,Small Box
24386,High,41,4256.51,Regular Air,1653.96,Prarie,Corporate,Technology,Computer Peripherals,Small Box
24386,High,12,503.08,Regular Air,-102.74,Prarie,Corporate,Technology,Computer Peripherals,Small Box
25473,High,20,794.32,Regular Air,67.61,Prarie,Corporate,Office Supplies,Paper,Small Box
26691,Not Specified,37,270.43,Regular Air,-83.16,Ontario,Corporate,Office Supplies,Binders and Binder Accessories,Small Box
29927,High,19,257.97,Regular Air,33.18,Ontario,Corporate,Office Supplies,Binders and Binder Accessories,Small Box
33250,Not Specified,40,7381.19,Regular Air,2998.88,Ontario,Corporate,Office Supplies,Appliances,Small Box
37862,Not Specified,27,1603.27,Regular Air,452.49,Ontario,Corporate,Office Supplies,Appliances,Small Box
39015,Medium,11,74.02,Regular Air,-28.45,Ontario,Corporate,Office Supplies,Paper,Small Box
40962,Critical,28,1553.66,Regular Air,547.48,Ontario,Corporate,Office Supplies,Appliances,Small Box
40962,Critical,30,3276.9965,Regular Air,653.06,Ontario,Corporate,Technology,Telephones and Communication,Small Box
50949,Medium,46,4804.0385,Regular Air,1077.92,Ontario,Corporate,Technology,Telephones and Communication,Small Box
53152,Medium,5,185.79,Regular Air,-159.68,Ontario,Corporate,Technology,Computer Peripherals,Small Box
53152,Medium,9,186.67,Regular Air,2.06,Ontario,Corporate,Office Supplies,Paper,Small Box
55526,High,23,445.17,Regular Air,38.11,Ontario,Corporate,Office Supplies,Paper,Small Box
57153,Critical,45,698.1,Regular Air,336.25,Ontario,Corporate,Office Supplies,Envelopes,Small Box
59878,High,23,249.64,Regular Air,-91.65,Ontario,Corporate,Office Supplies,Storage & Organization,Small Box
1600,Medium,32,303.59,Regular Air,-45.99,Ontario,Corporate,Furniture,Office Furnishings,Small Box
1600,Medium,36,191.6,Regular Air,-150.74,Ontario,Corporate,Office Supplies,Paper,Small Box
2373,Not Specified,36,317.59,Regular Air,-46.12,Ontario,Corporate,Office Supplies,Binders and Binder Accessories,Small Box
3109,Low,37,6477.7395,Regular Air,1653.97,Ontario,Corporate,Technology,Telephones and Communication,Small Box
12452,Medium,1,356.95,Regular Air,-228.24,Ontario,Corporate,Office Supplies,Binders and Binder Accessories,Small Box
12452,Medium,38,2063.42,Regular Air,989.95,Ontario,Corporate,Office Supplies,Paper,Small Box
15808,Critical,45,882.96,Regular Air,11.65,Ontario,Corporate,Technology,Computer Peripherals,Small Box
29318,Not Specified,34,3375.3075,Regular Air,562.13,Ontario,Corporate,Technology,Telephones and Communication,Small Box
30016,Critical,15,85.56,Regular Air,-41.58,Ontario,Corporate,Office Supplies,Paper,Small Box
30016,Critical,8,754.6555,Regular Air,-212.55,Ontario,Corporate,Technology,Telephones and Communication,Small Box
40961,Medium,7,23.84,Regular Air,5.88,Ontario,Corporate,Office Supplies,Labels,Small Box
41543,Low,24,1318.8685,Regular Air,172.33,Ontario,Corporate,Technology,Telephones and Communication,Small Box
56101,Not Specified,44,5347.13,Regular Air,1886.41,Ontario,Corporate,Office Supplies,Binders and Binder Accessories,Small Box
1059,Critical,22,127.33,Regular Air,5.3,Ontario,Corporate,Office Supplies,Binders and Binder Accessories,Small Box
1059,Critical,24,990.1,Regular Air,310.22,Ontario,Corporate,Office Supplies,Binders and Binder Accessories,Small Box
1826,Not Specified,5,28.32,Regular Air,-14.35,Ontario,Corporate,Office Supplies,Paper,Small Box
20003,Medium,39,796.08,Regular Air,30.29,Ontario,Corporate,Technology,Computer Peripherals,Small Box
